timestamp,run,ball_x,ball_y,ball_z,pos_tol,ori_tol,vel_scale,accel_scale,settle_s,result
2026-05-07_01-28-59,1,0.35,0.0,0.065,0.01,0.01,0.5,0.5,1.0,SUCCESS
2026-05-07_01-28-59,2,0.3,0.1,0.065,0.01,0.01,0.5,0.5,1.0,SUCCESS
2026-05-07_01-28-59,3,0.3,-0.1,0.065,0.01,0.01,0.5,0.5,1.0,SUCCESS
2026-05-07_01-28-59,4,0.4,0.1,0.065,0.01,0.01,0.5,0.5,1.0,SUCCESS
2026-05-07_01-28-59,5,0.4,-0.1,0.065,0.01,0.01,0.5,0.5,1.0,SUCCESS
2026-05-07_01-28-59,1,0.35,0.0,0.065,0.01,0.02,0.5,0.5,1.0,SUCCESS
2026-05-07_01-28-59,2,0.3,0.1,0.065,0.01,0.02,0.5,0.5,1.0,SUCCESS
2026-05-07_01-28-59,3,0.3,-0.1,0.065,0.01,0.02,0.5,0.5,1.0,SUCCESS
2026-05-07_01-28-59,4,0.4,0.1,0.065,0.01,0.02,0.5,0.5,1.0,SUCCESS
2026-05-07_01-28-59,5,0.4,-0.1,0.065,0.01,0.02,0.5,0.5,1.0,SUCCESS
2026-05-07_01-28-59,1,0.35,0.0,0.065,0.01,0.03,0.5,0.5,1.0,SUCCESS
2026-05-07_01-28-59,2,0.3,0.1,0.065,0.01,0.03,0.5,0.5,1.0,SUCCESS
2026-05-07_01-28-59,3,0.3,-0.1,0.065,0.01,0.03,0.5,0.5,1.0,SUCCESS
2026-05-07_01-28-59,4,0.4,0.1,0.065,0.01,0.03,0.5,0.5,1.0,SUCCESS
2026-05-07_01-28-59,5,0.4,-0.1,0.065,0.01,0.03,0.5,0.5,1.0,SUCCESS
2026-05-07_01-28-59,1,0.35,0.0,0.065,0.01,0.04,0.5,0.5,1.0,SUCCESS
2026-05-07_01-28-59,2,0.3,0.1,0.065,0.01,0.04,0.5,0.5,1.0,SUCCESS
2026-05-07_01-28-59,3,0.3,-0.1,0.065,0.01,0.04,0.5,0.5,1.0,SUCCESS
2026-05-07_01-28-59,4,0.4,0.1,0.065,0.01,0.04,0.5,0.5,1.0,SUCCESS
2026-05-07_01-28-59,5,0.4,-0.1,0.065,0.01,0.04,0.5,0.5,1.0,SUCCESS
2026-05-07_01-28-59,1,0.35,0.0,0.065,0.01,0.05,0.5,0.5,1.0,SUCCESS
2026-05-07_01-28-59,2,0.3,0.1,0.065,0.01,0.05,0.5,0.5,1.0,SUCCESS
2026-05-07_01-28-59,3,0.3,-0.1,0.065,0.01,0.05,0.5,0.5,1.0,SUCCESS
2026-05-07_01-28-59,4,0.4,0.1,0.065,0.01,0.05,0.5,0.5,1.0,SUCCESS
2026-05-07_01-28-59,5,0.4,-0.1,0.065,0.01,0.05,0.5,0.5,1.0,SUCCESS
2026-05-07_01-28-59,1,0.35,0.0,0.065,0.02,0.01,0.5,0.5,1.0,SUCCESS
2026-05-07_01-28-59,2,0.3,0.1,0.065,0.02,0.01,0.5,0.5,1.0,SUCCESS
2026-05-07_01-28-59,3,0.3,-0.1,0.065,0.02,0.01,0.5,0.5,1.0,SUCCESS
2026-05-07_01-28-59,4,0.4,0.1,0.065,0.02,0.01,0.5,0.5,1.0,SUCCESS
2026-05-07_01-28-59,5,0.4,-0.1,0.065,0.02,0.01,0.5,0.5,1.0,SUCCESS
2026-05-07_01-28-59,1,0.35,0.0,0.065,0.02,0.02,0.5,0.5,1.0,SUCCESS
2026-05-07_01-28-59,2,0.3,0.1,0.065,0.02,0.02,0.5,0.5,1.0,SUCCESS
2026-05-07_01-28-59,3,0.3,-0.1,0.065,0.02,0.02,0.5,0.5,1.0,SUCCESS
2026-05-07_01-28-59,4,0.4,0.1,0.065,0.02,0.02,0.5,0.5,1.0,SUCCESS
2026-05-07_01-28-59,5,0.4,-0.1,0.065,0.02,0.02,0.5,0.5,1.0,SUCCESS
2026-05-07_01-28-59,1,0.35,0.0,0.065,0.02,0.03,0.5,0.5,1.0,SUCCESS
2026-05-07_01-28-59,2,0.3,0.1,0.065,0.02,0.03,0.5,0.5,1.0,SUCCESS
2026-05-07_01-28-59,3,0.3,-0.1,0.065,0.02,0.03,0.5,0.5,1.0,SUCCESS
2026-05-07_01-28-59,4,0.4,0.1,0.065,0.02,0.03,0.5,0.5,1.0,SUCCESS
2026-05-07_01-28-59,5,0.4,-0.1,0.065,0.02,0.03,0.5,0.5,1.0,SUCCESS
2026-05-07_01-28-59,1,0.35,0.0,0.065,0.02,0.04,0.5,0.5,1.0,SUCCESS
2026-05-07_01-28-59,2,0.3,0.1,0.065,0.02,0.04,0.5,0.5,1.0,SUCCESS
2026-05-07_01-28-59,3,0.3,-0.1,0.065,0.02,0.04,0.5,0.5,1.0,SUCCESS
2026-05-07_01-28-59,4,0.4,0.1,0.065,0.02,0.04,0.5,0.5,1.0,SUCCESS
2026-05-07_01-28-59,5,0.4,-0.1,0.065,0.02,0.04,0.5,0.5,1.0,SUCCESS
2026-05-07_01-28-59,1,0.35,0.0,0.065,0.02,0.05,0.5,0.5,1.0,SUCCESS
2026-05-07_01-28-59,2,0.3,0.1,0.065,0.02,0.05,0.5,0.5,1.0,SUCCESS
2026-05-07_01-28-59,3,0.3,-0.1,0.065,0.02,0.05,0.5,0.5,1.0,SUCCESS
2026-05-07_01-28-59,4,0.4,0.1,0.065,0.02,0.05,0.5,0.5,1.0,SUCCESS
2026-05-07_01-28-59,5,0.4,-0.1,0.065,0.02,0.05,0.5,0.5,1.0,SUCCESS
2026-05-07_01-28-59,1,0.35,0.0,0.065,0.03,0.01,0.5,0.5,1.0,SUCCESS
2026-05-07_01-28-59,2,0.3,0.1,0.065,0.03,0.01,0.5,0.5,1.0,SUCCESS
2026-05-07_01-28-59,3,0.3,-0.1,0.065,0.03,0.01,0.5,0.5,1.0,SUCCESS
2026-05-07_01-28-59,4,0.4,0.1,0.065,0.03,0.01,0.5,0.5,1.0,SUCCESS
2026-05-07_01-28-59,5,0.4,-0.1,0.065,0.03,0.01,0.5,0.5,1.0,SUCCESS
2026-05-07_01-28-59,1,0.35,0.0,0.065,0.03,0.02,0.5,0.5,1.0,SUCCESS
2026-05-07_01-28-59,2,0.3,0.1,0.065,0.03,0.02,0.5,0.5,1.0,SUCCESS
2026-05-07_01-28-59,3,0.3,-0.1,0.065,0.03,0.02,0.5,0.5,1.0,SUCCESS
2026-05-07_01-28-59,4,0.4,0.1,0.065,0.03,0.02,0.5,0.5,1.0,SUCCESS
2026-05-07_01-28-59,5,0.4,-0.1,0.065,0.03,0.02,0.5,0.5,1.0,SUCCESS
2026-05-07_01-28-59,1,0.35,0.0,0.065,0.03,0.03,0.5,0.5,1.0,SUCCESS
2026-05-07_01-28-59,2,0.3,0.1,0.065,0.03,0.03,0.5,0.5,1.0,SUCCESS
2026-05-07_01-28-59,3,0.3,-0.1,0.065,0.03,0.03,0.5,0.5,1.0,SUCCESS
2026-05-07_01-28-59,4,0.4,0.1,0.065,0.03,0.03,0.5,0.5,1.0,SUCCESS
2026-05-07_01-28-59,5,0.4,-0.1,0.065,0.03,0.03,0.5,0.5,1.0,SUCCESS
2026-05-07_01-28-59,1,0.35,0.0,0.065,0.03,0.04,0.5,0.5,1.0,SUCCESS
2026-05-07_01-28-59,2,0.3,0.1,0.065,0.03,0.04,0.5,0.5,1.0,SUCCESS
2026-05-07_01-28-59,3,0.3,-0.1,0.065,0.03,0.04,0.5,0.5,1.0,MISSED
2026-05-07_01-28-59,4,0.4,0.1,0.065,0.03,0.04,0.5,0.5,1.0,SUCCESS
2026-05-07_01-28-59,5,0.4,-0.1,0.065,0.03,0.04,0.5,0.5,1.0,SUCCESS
2026-05-07_01-28-59,1,0.35,0.0,0.065,0.03,0.05,0.5,0.5,1.0,SUCCESS
2026-05-07_01-28-59,2,0.3,0.1,0.065,0.03,0.05,0.5,0.5,1.0,SUCCESS
2026-05-07_01-28-59,3,0.3,-0.1,0.065,0.03,0.05,0.5,0.5,1.0,SUCCESS
2026-05-07_01-28-59,4,0.4,0.1,0.065,0.03,0.05,0.5,0.5,1.0,SUCCESS
2026-05-07_01-28-59,5,0.4,-0.1,0.065,0.03,0.05,0.5,0.5,1.0,SUCCESS
2026-05-07_01-28-59,1,0.35,0.0,0.065,0.04,0.01,0.5,0.5,1.0,SUCCESS
2026-05-07_01-28-59,2,0.3,0.1,0.065,0.04,0.01,0.5,0.5,1.0,SUCCESS
2026-05-07_01-28-59,3,0.3,-0.1,0.065,0.04,0.01,0.5,0.5,1.0,SUCCESS
2026-05-07_01-28-59,4,0.4,0.1,0.065,0.04,0.01,0.5,0.5,1.0,SUCCESS
2026-05-07_01-28-59,5,0.4,-0.1,0.065,0.04,0.01,0.5,0.5,1.0,SUCCESS
2026-05-07_01-28-59,1,0.35,0.0,0.065,0.04,0.02,0.5,0.5,1.0,SUCCESS
2026-05-07_01-28-59,2,0.3,0.1,0.065,0.04,0.02,0.5,0.5,1.0,SUCCESS
2026-05-07_01-28-59,3,0.3,-0.1,0.065,0.04,0.02,0.5,0.5,1.0,SUCCESS
2026-05-07_01-28-59,4,0.4,0.1,0.065,0.04,0.02,0.5,0.5,1.0,MISSED
2026-05-07_01-28-59,5,0.4,-0.1,0.065,0.04,0.02,0.5,0.5,1.0,SUCCESS
2026-05-07_01-28-59,1,0.35,0.0,0.065,0.04,0.03,0.5,0.5,1.0,SUCCESS
2026-05-07_01-28-59,2,0.3,0.1,0.065,0.04,0.03,0.5,0.5,1.0,SUCCESS
2026-05-07_01-28-59,3,0.3,-0.1,0.065,0.04,0.03,0.5,0.5,1.0,SUCCESS
2026-05-07_01-28-59,4,0.4,0.1,0.065,0.04,0.03,0.5,0.5,1.0,MISSED
2026-05-07_01-28-59,5,0.4,-0.1,0.065,0.04,0.03,0.5,0.5,1.0,MISSED
2026-05-07_01-28-59,1,0.35,0.0,0.065,0.04,0.04,0.5,0.5,1.0,SUCCESS
2026-05-07_01-28-59,2,0.3,0.1,0.065,0.04,0.04,0.5,0.5,1.0,SUCCESS
2026-05-07_01-28-59,3,0.3,-0.1,0.065,0.04,0.04,0.5,0.5,1.0,MISSED
2026-05-07_01-28-59,4,0.4,0.1,0.065,0.04,0.04,0.5,0.5,1.0,SUCCESS
2026-05-07_01-28-59,5,0.4,-0.1,0.065,0.04,0.04,0.5,0.5,1.0,MISSED
2026-05-07_01-28-59,1,0.35,0.0,0.065,0.04,0.05,0.5,0.5,1.0,SUCCESS
2026-05-07_01-28-59,2,0.3,0.1,0.065,0.04,0.05,0.5,0.5,1.0,MISSED
2026-05-07_01-28-59,3,0.3,-0.1,0.065,0.04,0.05,0.5,0.5,1.0,MISSED
2026-05-07_01-28-59,4,0.4,0.1,0.065,0.04,0.05,0.5,0.5,1.0,SUCCESS
2026-05-07_01-28-59,5,0.4,-0.1,0.065,0.04,0.05,0.5,0.5,1.0,SUCCESS
2026-05-07_01-28-59,1,0.35,0.0,0.065,0.05,0.01,0.5,0.5,1.0,MISSED
2026-05-07_01-28-59,2,0.3,0.1,0.065,0.05,0.01,0.5,0.5,1.0,MISSED
2026-05-07_01-28-59,3,0.3,-0.1,0.065,0.05,0.01,0.5,0.5,1.0,SUCCESS
2026-05-07_01-28-59,4,0.4,0.1,0.065,0.05,0.01,0.5,0.5,1.0,MISSED
2026-05-07_01-28-59,5,0.4,-0.1,0.065,0.05,0.01,0.5,0.5,1.0,MISSED
2026-05-07_01-28-59,1,0.35,0.0,0.065,0.05,0.02,0.5,0.5,1.0,MISSED
2026-05-07_01-28-59,2,0.3,0.1,0.065,0.05,0.02,0.5,0.5,1.0,SUCCESS
2026-05-07_01-28-59,3,0.3,-0.1,0.065,0.05,0.02,0.5,0.5,1.0,SUCCESS
2026-05-07_01-28-59,4,0.4,0.1,0.065,0.05,0.02,0.5,0.5,1.0,MISSED
2026-05-07_01-28-59,5,0.4,-0.1,0.065,0.05,0.02,0.5,0.5,1.0,MISSED
2026-05-07_01-28-59,1,0.35,0.0,0.065,0.05,0.03,0.5,0.5,1.0,MISSED
2026-05-07_01-28-59,2,0.3,0.1,0.065,0.05,0.03,0.5,0.5,1.0,MISSED
2026-05-07_01-28-59,3,0.3,-0.1,0.065,0.05,0.03,0.5,0.5,1.0,MISSED
2026-05-07_01-28-59,4,0.4,0.1,0.065,0.05,0.03,0.5,0.5,1.0,MISSED
2026-05-07_01-28-59,5,0.4,-0.1,0.065,0.05,0.03,0.5,0.5,1.0,MISSED
2026-05-07_01-28-59,1,0.35,0.0,0.065,0.05,0.04,0.5,0.5,1.0,MISSED
2026-05-07_01-28-59,2,0.3,0.1,0.065,0.05,0.04,0.5,0.5,1.0,MISSED
2026-05-07_01-28-59,3,0.3,-0.1,0.065,0.05,0.04,0.5,0.5,1.0,MISSED
2026-05-07_01-28-59,4,0.4,0.1,0.065,0.05,0.04,0.5,0.5,1.0,SUCCESS
2026-05-07_01-28-59,5,0.4,-0.1,0.065,0.05,0.04,0.5,0.5,1.0,MISSED
2026-05-07_01-28-59,1,0.35,0.0,0.065,0.05,0.05,0.5,0.5,1.0,MISSED
2026-05-07_01-28-59,2,0.3,0.1,0.065,0.05,0.05,0.5,0.5,1.0,SUCCESS
2026-05-07_01-28-59,3,0.3,-0.1,0.065,0.05,0.05,0.5,0.5,1.0,MISSED
2026-05-07_01-28-59,4,0.4,0.1,0.065,0.05,0.05,0.5,0.5,1.0,SUCCESS
2026-05-07_01-28-59,5,0.4,-0.1,0.065,0.05,0.05,0.5,0.5,1.0,SUCCESS
